filename,width,height,class,xmin,ymin,xmax,ymax
IMG-20200723-WA0134.jpg,868,1156,GUARDED LEVEL CROSSING,221,698,436,922
IMG-20200723-WA0135.jpg,868,1156,GUARDED LEVEL CROSSING,390,554,537,782
IMG-20200723-WA0136.jpg,868,1156,GUARDED LEVEL CROSSING,171,161,686,749
IMG-20200723-WA0137.jpg,868,1156,GUARDED LEVEL CROSSING,272,403,665,905
IMG-20200723-WA0138.jpg,868,1156,GUARDED LEVEL CROSSING,182,328,642,770
IMG-20200723-WA0139.jpg,868,1156,GUARDED LEVEL CROSSING,158,242,827,855
IMG-20200723-WA0142.jpg,1156,868,GUARDED LEVEL CROSSING,351,1,809,653
IMG-20200723-WA0143.jpg,1156,868,GUARDED LEVEL CROSSING,283,1,835,854
IMG-20200723-WA0144.jpg,868,1156,GUARDED LEVEL CROSSING,176,292,614,706
IMG-20200723-WA0146.jpg,868,1156,GUARDED LEVEL CROSSING,289,489,861,1029
IMG-20200723-WA0147.jpg,868,1156,GUARDED LEVEL CROSSING,215,440,598,740
IMG-20200723-WA0148.jpg,868,1156,GUARDED LEVEL CROSSING,133,126,738,667
IMG-20200723-WA0149.jpg,868,1156,GUARDED LEVEL CROSSING,149,153,767,701
IMG-20200723-WA0150.jpg,1156,868,GUARDED LEVEL CROSSING,563,103,836,344
IMG-20200723-WA0151.jpg,1156,868,GUARDED LEVEL CROSSING,161,407,588,703
IMG-20200723-WA0152.jpg,1156,868,GUARDED LEVEL CROSSING,768,238,1097,517
IMG-20200723-WA0153.jpg,868,1156,GUARDED LEVEL CROSSING,516,275,684,450
IMG-20200723-WA0154.jpg,1156,868,GUARDED LEVEL CROSSING,452,358,683,599
IMG-20200723-WA0155.jpg,868,1156,GUARDED LEVEL CROSSING,295,320,505,626
IMG-20200723-WA0156.jpg,868,1156,W,297,387,671,581
IMG-20200723-WA0157.jpg,720,1280,NO PARKING,252,511,397,857
IMG-20200723-WA0159.jpg,720,1280,NO PARKING,252,818,335,919
IMG-20200723-WA0160.jpg,720,1280,NO PARKING,367,271,600,519
IMG-20200723-WA0161.jpg,720,1280,NO PARKING,339,430,383,465
IMG-20200723-WA0162.jpg,720,1280,NO PARKING,314,423,371,480
IMG-20200723-WA0163.jpg,720,1280,NO PARKING,1,894,205,1161
IMG-20200723-WA0164.jpg,720,1280,NO PARKING,351,422,381,453
IMG-20200723-WA0165.jpg,720,1280,NO PARKING,74,735,316,956
IMG-20200723-WA0167.jpg,720,1280,NO PARKING,64,715,414,1011
IMG-20200723-WA0168.jpg,720,1280,NO PARKING,447,692,720,934
IMG-20200723-WA0169.jpg,720,1280,NO PARKING,275,506,429,777
IMG-20200723-WA0170.jpg,720,1280,NO PARKING,1,865,281,1133
IMG-20200723-WA0171.jpg,720,1280,NO PARKING,91,546,250,737
IMG-20200723-WA0172.jpg,720,1280,NO PARKING,1,932,197,1165
IMG-20200723-WA0173.jpg,720,1280,NO PARKING,352,206,466,303
IMG-20200723-WA0174.jpg,720,1280,NO PARKING,381,529,571,761
IMG-20200723-WA0174.jpg,720,1280,NO PARKING,524,433,681,645
IMG-20200723-WA0175.jpg,720,1280,NO PARKING,170,671,352,849
IMG-20200723-WA0177.jpg,1280,960,SCHOOL ZONE,364,270,807,710
IMG-20200723-WA0178.jpg,1280,960,SCHOOL ZONE,256,326,716,598
IMG-20200723-WA0179.jpg,1280,960,SCHOOL ZONE,486,496,666,720
IMG-20200723-WA0180.jpg,1280,960,SCHOOL ZONE,674,1,1024,356
IMG-20200723-WA0182.jpg,1280,960,SCHOOL ZONE,720,543,995,878
IMG-20200723-WA0184.jpg,1280,960,SCHOOL ZONE,394,598,765,947
IMG-20200723-WA0185.jpg,1280,960,SCHOOL ZONE,315,441,543,636
IMG-20200723-WA0186.jpg,1280,960,RIGHT CURVE,144,577,456,758
IMG-20200723-WA0187.jpg,1280,960,RIGHT CURVE,359,473,438,559
IMG-20200723-WA0189.jpg,1280,960,SCHOOL ZONE,547,548,893,861
IMG-20200723-WA0191.jpg,1280,960,SCHOOL ZONE,534,104,956,624
IMG-20200723-WA0193.jpg,1280,960,SCHOOL ZONE,464,162,688,406
IMG-20200723-WA0194.jpg,1280,960,SCHOOL ZONE,664,484,814,617
IMG-20200723-WA0195.jpg,1280,960,SCHOOL ZONE,334,419,805,852
IMG-20200723-WA0196.jpg,1280,960,SCHOOL ZONE,51,316,381,719
IMG-20200723-WA0197.jpg,1280,960,SCHOOL ZONE,447,427,728,712
IMG-20200723-WA0198.jpg,1280,960,RIGHT CURVE,151,710,421,910
IMG-20200723-WA0200.jpg,1280,960,SCHOOL ZONE,178,287,407,566
IMG-20200723-WA0203.jpg,1280,960,SCHOOL ZONE,1,451,323,958
IMG-20200723-WA0204.jpg,1280,960,RIGHT CURVE,43,575,613,893
IMG-20200723-WA0205.jpg,1280,960,RIGHT CURVE,569,148,1010,540
IMG-20200723-WA0206.jpg,1280,960,SCHOOL ZONE,222,636,561,887
IMG-20200723-WA0207.jpg,1280,960,RIGHT CURVE,205,322,570,645
IMG-20200723-WA0208.jpg,1280,960,RIGHT CURVE,702,120,1105,509
IMG-20200723-WA0209.jpg,1280,960,SCHOOL ZONE,558,326,862,600
IMG-20200723-WA0212.jpg,1280,960,SCHOOL ZONE,346,376,729,754
IMG-20200723-WA0214.jpg,1280,960,RIGHT CURVE,124,461,394,684
IMG-20200723-WA0217.jpg,1280,960,SCHOOL ZONE,558,410,789,661
IMG-20200723-WA0218.jpg,1280,960,SCHOOL ZONE,419,238,618,503
IMG-20200723-WA0219.jpg,1280,960,SCHOOL ZONE,536,333,807,630
IMG-20200723-WA0220.jpg,1280,960,RIGHT CURVE,102,598,346,830
IMG-20200723-WA0221.jpg,1280,960,RIGHT CURVE,339,262,462,413
IMG-20200723-WA0222.jpg,1280,960,RIGHT CURVE,406,81,708,418
IMG-20200723-WA0223.jpg,1280,960,SCHOOL ZONE,356,403,634,748
IMG-20200723-WA0224.jpg,1280,960,SCHOOL ZONE,414,310,717,663
IMG-20200723-WA0225.jpg,1280,960,SCHOOL ZONE,332,202,528,419
IMG-20200723-WA0226.jpg,1280,960,RIGHT CURVE,243,650,474,838
IMG-20200723-WA0227.jpg,1280,960,RIGHT CURVE,95,82,370,342
IMG-20200723-WA0228.jpg,1280,960,RIGHT CURVE,74,138,555,350
IMG-20200723-WA0229.jpg,1280,960,RIGHT CURVE,298,203,628,619
IMG-20200723-WA0230.jpg,1280,960,RIGHT CURVE,339,724,670,960
IMG-20200723-WA0231.jpg,1280,960,SCHOOL ZONE,231,378,618,685
IMG-20200723-WA0232.jpg,1280,960,RIGHT CURVE,220,318,514,614
IMG-20200723-WA0233.jpg,1280,960,RIGHT CURVE,428,386,787,734
IMG-20200723-WA0235.jpg,1280,960,RIGHT CURVE,113,308,546,673
IMG-20200723-WA0236.jpg,1280,960,RIGHT CURVE,656,375,885,634
IMG-20200723-WA0240.jpg,1280,960,RIGHT CURVE,222,512,559,881
IMG-20200723-WA0241.jpg,1280,960,RIGHT CURVE,1,670,191,916
IMG-20200723-WA0242.jpg,1280,960,RIGHT CURVE,281,292,591,563
IMG-20200723-WA0243.jpg,1280,960,RIGHT CURVE,247,515,866,898
IMG-20200723-WA0244.jpg,1280,960,RIGHT CURVE,228,193,860,842
IMG-20200723-WA0245.jpg,1280,960,RIGHT CURVE,359,391,520,551
IMG-20200723-WA0246.jpg,1280,960,RIGHT CURVE,169,240,573,724
IMG-20200723-WA0247.jpg,1280,960,RIGHT CURVE,276,520,747,960
IMG-20200723-WA0248.jpg,1280,960,RIGHT CURVE,266,295,636,725
IMG-20200723-WA0249.jpg,1280,960,RIGHT CURVE,337,69,556,295
IMG-20200723-WA0250.jpg,1280,960,RIGHT CURVE,400,440,694,695
IMG-20200723-WA0251.jpg,1280,960,RIGHT CURVE,285,109,613,400
IMG-20200723-WA0252.jpg,1280,960,RIGHT CURVE,273,231,903,851
IMG-20200723-WA0253.jpg,1280,960,RIGHT CURVE,46,102,411,460
IMG-20200723-WA0254.jpg,1280,960,RIGHT CURVE,558,381,767,558
IMG-20200723-WA0255.jpg,1280,960,SCHOOL ZONE,891,333,1098,575
IMG-20200723-WA0256.jpg,1280,960,SCHOOL ZONE,431,313,870,623
IMG-20200723-WA0258.jpg,1280,960,RIGHT CURVE,445,341,734,631
IMG-20200723-WA0259.jpg,1280,960,SCHOOL ZONE,473,394,766,617
IMG-20200723-WA0260.jpg,1280,960,SCHOOL ZONE,523,261,833,555
IMG-20200723-WA0261.jpg,1280,960,RIGHT CURVE,148,702,457,960
IMG-20200723-WA0262.jpg,1280,960,RIGHT CURVE,662,425,953,697
IMG-20200723-WA0263.jpg,1280,960,RIGHT CURVE,224,237,396,397
IMG-20200723-WA0264.jpg,1280,960,RIGHT CURVE,293,347,635,654
IMG-20200723-WA0266.jpg,1280,960,SCHOOL ZONE,352,582,553,862
IMG-20200723-WA0267.jpg,1280,960,RIGHT CURVE,538,422,866,737
IMG-20200723-WA0268.jpg,1280,960,RIGHT CURVE,110,235,541,773
IMG-20200723-WA0270.jpg,1280,960,RIGHT CURVE,318,262,954,695
IMG-20200723-WA0271.jpg,1280,960,RIGHT CURVE,536,388,944,745
IMG-20200723-WA0273.jpg,1280,960,RIGHT CURVE,447,191,760,469
IMG-20200723-WA0274.jpg,1280,960,RIGHT CURVE,625,158,1003,623
IMG-20200723-WA0275.jpg,1280,960,RIGHT CURVE,441,354,776,714
IMG-20200723-WA0276.jpg,590,1280,SCHOOL ZONE,318,138,394,191
IMG-20200723-WA0277.jpg,1280,960,RIGHT CURVE,273,341,610,610
IMG-20200723-WA0278.jpg,1280,960,RIGHT CURVE,386,330,961,624
IMG-20200723-WA0279.jpg,1280,960,RIGHT CURVE,205,490,317,580
IMG-20200723-WA0281.jpg,590,1280,SCHOOL ZONE,1,288,387,707
IMG-20200723-WA0282.jpg,590,1280,SCHOOL ZONE,228,104,540,425
IMG-20200723-WA0283.jpg,590,1280,SCHOOL ZONE,176,249,402,484
IMG-20200723-WA0285.jpg,590,1280,SCHOOL ZONE,257,345,425,561
IMG-20200723-WA0286.jpg,590,1280,SCHOOL ZONE,126,399,495,760
IMG-20200723-WA0287.jpg,590,1280,SCHOOL ZONE,313,317,590,583
IMG-20200723-WA0290.jpg,960,1280,LEFT CURVE,463,667,545,749
IMG-20200723-WA0290.jpg,960,1280,SPEED LIMIT (60 KM/H),391,553,482,648
IMG-20200723-WA0290.jpg,960,1280,UNEVEN ROAD,306,571,391,664
IMG-20200723-WA0290.jpg,960,1280,U-TURN,295,679,341,761
IMG-20200723-WA0291.jpg,960,1280,LEFT CURVE,499,390,705,681
IMG-20200723-WA0292.jpg,960,1280,U-TURN,411,468,582,614
IMG-20200723-WA0293.jpg,960,1280,LEFT CURVE,233,510,386,638
IMG-20200723-WA0294.jpg,960,1280,UNEVEN ROAD,560,200,699,348
IMG-20200723-WA0295.jpg,960,1280,U-TURN,374,421,464,510
IMG-20200723-WA0295.jpg,960,1280,NO ENTRY,576,637,632,691
IMG-20200723-WA0296.jpg,1280,960,SPEED LIMIT (60 KM/H),801,332,944,440
IMG-20200723-WA0297.jpg,960,1280,UNEVEN ROAD,387,287,526,504
IMG-20200723-WA0298.jpg,960,1280,LEFT CURVE,348,556,509,676
IMG-20200723-WA0299.jpg,960,1280,LEFT CURVE,255,677,597,929
IMG-20200723-WA0300.jpg,960,1280,UNEVEN ROAD,817,1098,951,1241
IMG-20200723-WA0301.jpg,1280,960,U-TURN,458,334,551,441
IMG-20200723-WA0302.jpg,960,1280,U-TURN,287,534,332,569
IMG-20200723-WA0303.jpg,1280,960,UNEVEN ROAD,446,302,619,427
IMG-20200723-WA0304.jpg,960,1280,SPEED LIMIT (60 KM/H),788,692,844,769
IMG-20200723-WA0305.jpg,960,1280,LEFT CURVE,438,508,505,585
IMG-20200723-WA0306.jpg,960,1280,U-TURN,479,602,553,717
IMG-20200723-WA0307.jpg,960,1280,U-TURN,492,577,575,656
IMG-20200723-WA0308.jpg,960,1280,SPEED LIMIT (60 KM/H),437,752,565,861
IMG-20200723-WA0309.jpg,960,1280,SPEED LIMIT (60 KM/H),576,435,753,619
IMG-20200723-WA0310.jpg,960,1280,UNEVEN ROAD,572,407,647,487
IMG-20200723-WA0311.jpg,960,1280,UNEVEN ROAD,474,715,586,838
IMG-20200723-WA0312.jpg,960,1280,SPEED LIMIT (60 KM/H),788,715,898,814
IMG-20200723-WA0313.jpg,960,1280,LEFT CURVE,407,242,501,329
IMG-20200723-WA0314.jpg,960,1280,UNEVEN ROAD,53,954,182,1060
IMG-20200723-WA0315.jpg,960,1280,SPEED LIMIT (60 KM/H),588,484,641,549
IMG-20200723-WA0316.jpg,960,1280,SPEED LIMIT (60 KM/H),629,718,728,781
IMG-20200723-WA0317.jpg,960,1280,U-TURN,434,457,495,503
IMG-20200723-WA0318.jpg,960,1280,UNEVEN ROAD,518,719,960,1260
IMG-20200723-WA0319.jpg,960,1280,SPEED LIMIT (60 KM/H),386,521,503,611
IMG-20200723-WA0320.jpg,960,1280,U-TURN,411,419,520,510
IMG-20200723-WA0321.jpg,960,1280,U-TURN,434,365,552,458
IMG-20200723-WA0322.jpg,960,1280,UNEVEN ROAD,682,418,741,494
IMG-20200723-WA0323.jpg,960,1280,U-TURN,442,318,853,756
IMG-20200723-WA0324.jpg,960,1280,U-TURN,499,544,557,584
IMG-20200723-WA0324.jpg,960,1280,SPEED LIMIT (40 KM,78,421,144,464
IMG-20200723-WA0324.jpg,960,1280,NO ENTRY,1,423,38,460
IMG-20200723-WA0325.jpg,960,1280,U-TURN,664,591,751,664
IMG-20200723-WA0326.jpg,960,1280,U-TURN,141,696,668,1195
IMG-20200723-WA0327.jpg,960,1280,U-TURN,363,694,501,779
IMG-20200723-WA0328.jpg,960,1280,SPEED LIMIT(60 KM/H),430,422,520,484
IMG-20200723-WA0329.jpg,960,1280,SPEED LIMIT(60 KM/H),870,627,960,720
IMG-20200723-WA0330.jpg,960,1280,SPEED LIMIT(60 KM/H),341,281,960,1162
IMG-20200723-WA0331.jpg,960,1280,LEFT CURVE,364,773,428,830
IMG-20200723-WA0332.jpg,960,1280,UNEVEN ROAD,476,446,556,500
IMG-20200723-WA0333.jpg,1280,960,UNEVEN ROAD,438,34,710,300
IMG-20200723-WA0333.jpg,1280,960,U-TURN,116,400,328,641
IMG-20200723-WA0333.jpg,1280,960,SPEED LIMIT(60 KM/H),747,18,1048,309
IMG-20200723-WA0333.jpg,1280,960,LEFT CURVE,1028,447,1280,765
IMG-20200723-WA0334.jpg,960,1280,U-TURN,411,598,506,663
IMG-20200723-WA0335.jpg,960,1280,UNEVEN ROAD,418,437,610,652
IMG-20200723-WA0336.jpg,960,1280,U-TURN,353,587,472,661
IMG-20200723-WA0336.jpg,960,1280,SPEED LIMIT(40 KM/H),179,440,267,498
IMG-20200723-WA0336.jpg,960,1280,NO ENTRY,17,498,90,549
IMG-20200723-WA0337.jpg,1280,960,UNEVEN ROAD,411,69,653,281
IMG-20200723-WA0337.jpg,1280,960,SPEED LIMIT (60 KM/H),700,42,951,303
IMG-20200723-WA0337.jpg,1280,960,LEFT CURVE,986,463,1280,785
IMG-20200723-WA0337.jpg,1280,960,U-TURN,94,410,319,645
IMG-20200723-WA0338.jpg,960,1280,LEFT CURVE,55,527,764,1068
IMG-20200723-WA0339.jpg,960,1280,UNEVEN ROAD,567,425,678,518
IMG-20200723-WA0340.jpg,960,1280,UNEVEN ROAD,449,367,521,467
IMG-20200723-WA0341.jpg,960,1280,UNEVEN ROAD,497,435,583,540
IMG-20200723-WA0342.jpg,960,1280,UNEVEN ROAD,674,688,752,758
IMG-20200723-WA0343.jpg,960,1280,UNEVEN ROAD,340,400,487,522
IMG-20200723-WA0344.jpg,960,1280,U-TURN,429,522,510,591
IMG-20200723-WA0345.jpg,960,1280,U-TURN,252,519,547,792
IMG-20200723-WA0346.jpg,960,1280,LEFT CURVE,360,473,476,553
IMG-20200723-WA0347.jpg,960,1280,SPEED LIMIT (60 KM/H),583,592,772,700
IMG-20200723-WA0348.jpg,960,1280,UNEVEN ROAD,740,985,863,1133
IMG-20200723-WA0349.jpg,960,1280,LEFT CURVE,586,557,686,637
IMG-20200723-WA0350.jpg,960,1280,SPEED LIMIT (60 KM/H),449,557,542,663
IMG-20200723-WA0351.jpg,960,1280,SPEED LIMIT (60 KM/H),749,591,826,691
IMG-20200723-WA0352.jpg,960,1280,SPEED LIMIT (60 KM/H),334,242,457,335
IMG-20200723-WA0353.jpg,1280,960,SPEED LIMIT (60 KM/H),259,688,362,761
IMG-20200723-WA0353.jpg,1280,960,UNEVEN ROAD,462,689,539,763
IMG-20200723-WA0353.jpg,1280,960,LEFT CURVE,432,774,536,860
IMG-20200723-WA0354.jpg,960,1280,LEFT CURVE,60,487,864,1187
IMG-20200723-WA0354.jpg,960,1280,SPEED LIMIT (60 KM/H),343,1,728,258
IMG-20200723-WA0355.jpg,960,1280,U-TURN,453,757,526,853
IMG-20200723-WA0355.jpg,960,1280,SPEED LIMIT (60 KM/H),264,644,420,779
IMG-20200723-WA0355.jpg,960,1280,UNEVEN ROAD,425,550,541,637
IMG-20200723-WA0355.jpg,960,1280,LEFT CURVE,491,638,595,723
IMG-20200723-WA0356.jpg,960,1280,SPEED LIMIT (60 KM/H),259,379,864,1049
IMG-20200723-WA0357.jpg,960,1280,SPEED LIMIT (60 KM/H),327,1,483,125
IMG-20200723-WA0357.jpg,960,1280,UNEVEN ROAD,574,4,678,126
IMG-20200723-WA0357.jpg,960,1280,U-TURN,426,218,509,318
IMG-20200723-WA0357.jpg,960,1280,LEFT CURVE,553,156,665,273
IMG-20200723-WA0358.jpg,960,1280,U-TURN,203,573,645,971
IMG-20200723-WA0359.jpg,960,1280,SPEED LIMIT (60 KM/H),324,494,422,558
IMG-20200723-WA0360.jpg,960,1280,U-TURN,556,706,663,788
IMG-20200723-WA0361.jpg,960,1280,U-TURN,480,519,605,676
IMG-20200723-WA0362.jpg,960,1280,U-TURN,548,578,607,619
IMG-20200723-WA0363.jpg,960,1280,LEFT CURVE,338,258,452,340
IMG-20200723-WA0363.jpg,960,1280,UNEVEN ROAD,365,126,470,240
IMG-20200723-WA0363.jpg,960,1280,SPEED LIMIT (60 KM/H),126,88,276,215
IMG-20200723-WA0364.jpg,960,1280,SPEED LIMIT (60 KM/H),487,464,611,557
IMG-20200723-WA0365.jpg,960,1280,SPEED LIMIT (60 KM/H),261,491,382,584
IMG-20200723-WA0366.jpg,960,1280,LEFT CURVE,483,722,620,868
IMG-20200723-WA0367.jpg,960,1280,U-TURN,34,608,690,1280
IMG-20200723-WA0369.jpg,960,1280,LEFT CURVE,322,414,480,579
IMG-20200723-WA0370.jpg,960,1280,LEFT CURVE,410,564,486,637
IMG-20200723-WA0371.jpg,1280,960,LEFT CURVE,988,439,1280,732
IMG-20200723-WA0371.jpg,1280,960,U-TURN,90,389,331,678
IMG-20200723-WA0371.jpg,1280,960,UNEVEN ROAD,390,64,668,268
IMG-20200723-WA0371.jpg,1280,960,SPEED LIMIT (60 KM/H),705,50,983,327
IMG-20200723-WA0372.jpg,960,1280,SPEED LIMIT (60 KM/H),391,535,482,603
IMG-20200723-WA0373.jpg,960,1280,UNEVEN ROAD,505,763,636,857
IMG-20200723-WA0374.jpg,960,1280,LEFT CURVE,429,699,556,794
IMG-20200723-WA0375.jpg,960,1280,U-TURN,410,554,538,652
IMG-20200723-WA0376.jpg,960,1280,SPEED LIMIT (60 KM/H),694,1198,834,1280
IMG-20200723-WA0378.jpg,960,1280,SPEED LIMIT (60 KM/H),642,514,748,606
IMG-20200723-WA0379.jpg,960,1280,SPEED LIMIT (60 KM/H),587,533,652,607
IMG-20200723-WA0382.jpg,960,1280,UNEVEN ROAD,38,368,601,975
IMG-20200723-WA0383.jpg,960,1280,LEFT CURVE,405,431,520,545
IMG-20200723-WA0384.jpg,960,1280,LEFT CURVE,445,534,518,618
IMG-20200723-WA0384.jpg,960,1280,SPEED LIMIT (60 KM/H),236,627,365,750
IMG-20200723-WA0384.jpg,960,1280,UNEVEN ROAD,371,475,465,541
IMG-20200723-WA0385.jpg,960,1280,SPEED LIMIT (60 KM/H),199,584,355,692
IMG-20200723-WA0386.jpg,960,1280,SPEED LIMIT (60 KM/H),901,606,960,693
IMG-20200723-WA0386.jpg,960,1280,UNEVEN ROAD,729,514,832,610
IMG-20200723-WA0386.jpg,960,1280,LEFT CURVE,815,448,918,534
IMG-20200723-WA0388.jpg,960,1280,UNEVEN ROAD,341,569,559,763
IMG-20200723-WA0390.jpg,960,1280,UNEVEN ROAD,302,546,542,681
IMG-20200723-WA0392.jpg,960,1280,UNEVEN ROAD,6,607,128,656
IMG-20200723-WA0394.jpg,960,1280,UNEVEN ROAD,488,675,580,767
IMG-20200723-WA0394.jpg,960,1280,UNEVEN ROAD,515,841,595,907
IMG-20200723-WA0394.jpg,960,1280,U,326,788,384,844
IMG-20200723-WA0394.jpg,960,1280,UNEVEN ROAD,402,665,468,725
IMG-20200723-WA0395.jpg,960,1280,SPEED LIMIT (60 KM/H),640,454,770,561
IMG-20200723-WA0395.jpg,960,1280,U-TURN,822,552,913,634
IMG-20200723-WA0395.jpg,960,1280,UNEVEN ROAD,821,279,921,379
IMG-20200723-WA0395.jpg,960,1280,LEFT CURVE,891,391,960,483
IMG-20200723-WA0396.jpg,960,1280,UNEVEN ROAD,210,615,301,703
IMG-20200723-WA0396.jpg,960,1280,LEFT CURVE,306,685,426,761
IMG-20200723-WA0396.jpg,960,1280,SPEED LIMIT (60 KM/H),105,823,232,950
IMG-20200723-WA0396.jpg,960,1280,U-TURN,301,864,371,935
IMG-20200723-WA0398.jpg,960,1280,SPEED LIMIT (60 KM/H),265,654,382,760
IMG-20200723-WA0398.jpg,960,1280,U-TURN,384,787,475,877
IMG-20200723-WA0398.jpg,960,1280,LEFT CURVE,509,660,586,769
IMG-20200723-WA0398.jpg,960,1280,UNEVEN ROAD,468,538,559,644
IMG-20200723-WA0399.jpg,960,1280,SPEED LIMIT (60 KM/H),559,625,672,713
IMG-20200723-WA0399.jpg,960,1280,U-TURN,714,664,790,752
IMG-20200723-WA0399.jpg,960,1280,LEFT CURVE,738,538,828,642
IMG-20200723-WA0399.jpg,960,1280,UNEVEN ROAD,644,454,736,558
IMG-20200723-WA0400.jpg,960,1280,SPEED LIMIT (60 KM/H),497,472,559,521
IMG-20200723-WA0401.jpg,960,1280,SPEED LIMIT (60 KM/H),118,549,257,667
IMG-20200723-WA0401.jpg,960,1280,U-TURN,302,680,378,754
IMG-20200723-WA0401.jpg,960,1280,LEFT CURVE,376,554,471,646
IMG-20200723-WA0401.jpg,960,1280,UNEVEN ROAD,321,433,429,540
IMG-20200723-WA0402.jpg,960,1280,LEFT CURVE,744,715,815,790
IMG-20200723-WA0403.jpg,960,1280,LEFT CURVE,407,599,488,691
IMG-20200723-WA0403.jpg,960,1280,SPEED LIMIT (60 KM/H),207,653,329,756
IMG-20200723-WA0403.jpg,960,1280,UNEVEN ROAD,355,499,445,596
IMG-20200723-WA0404.jpg,960,1280,UNEVEN ROAD,228,757,336,888
IMG-20200723-WA0404.jpg,960,1280,SPEED LIMIT (60 KM/H),32,930,165,1079
IMG-20200723-WA0404.jpg,960,1280,U-TURN,205,1072,294,1153
IMG-20200723-WA0404.jpg,960,1280,LEFT CURVE,292,899,401,1008
IMG-20200723-WA0405.jpg,960,1280,SPEED LIMIT (60 KM/H),517,876,624,1004
IMG-20200723-WA0405.jpg,960,1280,UNEVEN ROAD,557,667,663,768
IMG-20200723-WA0405.jpg,960,1280,LEFT CURVE,664,710,768,808
IMG-20200723-WA0405.jpg,960,1280,U-TURN,686,880,795,992
IMG-20200723-WA0654.jpg,768,1024,U-TURN,275,400,309,425
IMG-20200723-WA0654.jpg,768,1024,SPEED LIMIT (40 KM/H),466,543,506,572
IMG-20200723-WA0656.jpg,768,1024,SPEED LIMIT (60 KM/H),282,368,342,426
IMG-20200723-WA0656.jpg,768,1024,LEFT CURVE,388,447,442,485
IMG-20200723-WA0656.jpg,768,1024,U-TURN,517,424,570,488
IMG-20200723-WA0656.jpg,768,1024,UNEVEN ROAD,381,500,442,543
IMG-20200723-WA0658.jpg,768,1024,U-TURN,394,519,430,544
IMG-20200723-WA0659.jpg,768,1024,U-TURN,578,418,648,489
IMG-20200723-WA0659.jpg,768,1024,UNEVEN ROAD,383,550,481,612
IMG-20200723-WA0659.jpg,768,1024,LEFT CURVE,422,487,486,544
IMG-20200723-WA0659.jpg,768,1024,SPEED LIMIT (60 KM/H),208,389,283,473
IMG-20200723-WA0660.jpg,768,1024,U-TURN,456,347,499,393
IMG-20200723-WA0660.jpg,768,1024,UNEVEN ROAD,447,469,497,538
IMG-20200723-WA0661.jpg,768,1024,UNEVEN ROAD,300,384,344,431
IMG-20200723-WA0661.jpg,768,1024,U-TURN,327,243,375,275
IMG-20200723-WA0662.jpg,768,1024,U-TURN,631,361,699,430
IMG-20200723-WA0662.jpg,768,1024,UNEVEN ROAD,506,468,576,524
IMG-20200723-WA0663.jpg,768,1024,U-TURN,426,313,464,369
IMG-20200724-WA0007.jpg,588,1280,SPEED LIMIT (40 KM/H),356,448,581,714
IMG-20200724-WA0008.jpg,588,1280,SPEED LIMIT (40 KM/H),70,392,321,703
IMG-20200724-WA0009.jpg,588,1280,SPEED LIMIT (40 KM/H),416,358,506,504
IMG-20200724-WA0010.jpg,588,1280,SPEED LIMIT (40 KM/H),201,410,451,648
IMG-20200724-WA0011.jpg,588,1280,SPEED LIMIT (40 KM/H),452,637,588,777
IMG-20200724-WA0012.jpg,588,1280,NO ENTRY,221,54,366,210
IMG-20200724-WA0016.jpg,588,1280,NO ENTRY,112,410,404,713
IMG-20200724-WA0018.jpg,588,1280,NO ENTRY,132,677,273,825
IMG-20200724-WA0020.jpg,534,1156,NO ENTRY,172,588,279,663
IMG-20200724-WA0021.jpg,1156,534,NO ENTRY,448,67,650,226
IMG-20200724-WA0023.jpg,588,1280,NO ENTRY,266,627,346,710
IMG-20200724-WA0024.jpg,588,1280,NO ENTRY,105,644,209,752
IMG-20200724-WA0025.jpg,588,1280,NO ENTRY,338,360,508,508
IMG-20200724-WA0026.jpg,1600,736,NO ENTRY,806,520,946,677
IMG-20200724-WA0027.jpg,534,1156,NO ENTRY,51,1,232,332
IMG-20200724-WA0028.jpg,534,1156,NO ENTRY,84,192,286,403
IMG-20200724-WA0031.jpg,534,1156,GO SLOW,91,398,363,639
IMG-20200724-WA0032.jpg,534,1156,GO SLOW,372,375,519,493
IMG-20200724-WA0034.jpg,534,1156,GO SLOW,204,531,337,627
IMG-20200724-WA0035.jpg,534,1156,GO SLOW,33,220,193,405
IMG-20200724-WA0036.jpg,534,1156,GO SLOW,269,144,331,240
IMG-20200724-WA0040.jpg,534,1156,NO ENTRY,304,150,506,325
IMG-20200724-WA0043.jpg,534,1156,GO SLOW,36,409,199,592
IMG-20200724-WA0044.jpg,534,1156,GO SLOW,265,248,441,486
IMG-20200724-WA0046.jpg,534,1156,GO SLOW,263,376,403,558
IMG-20200724-WA0047.jpg,1156,534,GO SLOW,274,87,472,284
IMG-20200724-WA0049.jpg,534,1156,PEDESTRIAN CROSSING,392,283,523,425
IMG-20200724-WA0050.jpg,534,1156,PEDESTRIAN CROSSING,88,226,289,470
IMG-20200724-WA0051.jpg,534,1156,GO SLOW,415,155,534,364
IMG-20200724-WA0052.jpg,534,1156,GO SLOW,56,376,291,584
IMG-20200724-WA0053.jpg,1156,534,GO SLOW,202,92,502,248
IMG-20200724-WA0054.jpg,534,1156,PEDESTRIAN CROSSING,304,31,431,178
IMG-20200724-WA0055.jpg,534,1156,PEDESTRIAN CROSSING,70,39,211,327
IMG-20200724-WA0056.jpg,534,1156,PEDESTRIAN CROSSING,366,256,492,411
IMG-20200724-WA0057.jpg,534,1156,PEDESTRIAN CROSSING,77,69,232,289
IMG-20200724-WA0058.jpg,534,1156,PEDESTRIAN CROSSING,444,500,505,567
IMG-20200724-WA0060.jpg,1156,534,PEDESTRIAN CROSSING,536,132,571,167
IMG-20200724-WA0062.jpg,534,1156,PEDESTRIAN CROSSING,160,178,365,470
IMG-20200724-WA0063.jpg,1156,534,PEDESTRIAN CROSSING,560,69,635,137
IMG-20200724-WA0064.jpg,534,1156,PEDESTRIAN CROSSING,425,453,534,574
IMG-20200724-WA0065.jpg,534,1156,PEDESTRIAN CROSSING,347,358,522,559
IMG-20200724-WA0066.jpg,1156,534,PEDESTRIAN CROSSING,577,165,679,265
IMG-20200724-WA0067.jpg,534,1156,PEDESTRIAN CROSSING,200,169,482,469
IMG-20200724-WA0068.jpg,534,1156,PEDESTRIAN CROSSING,44,651,203,788
IMG-20200724-WA0069.jpg,534,1156,PEDESTRIAN CROSSING,220,603,404,728
IMG-20200724-WA0070.jpg,534,1156,PEDESTRIAN CROSSING,355,497,486,623
IMG-20200724-WA0071.jpg,534,1156,PEDESTRIAN CROSSING,380,281,499,426
IMG-20200724-WA0072.jpg,534,1156,PEDESTRIAN CROSSING,26,373,128,514
IMG-20200724-WA0074.jpg,534,1156,PEDESTRIAN CROSSING,273,140,405,299
IMG-20200724-WA0075.jpg,534,1156,PEDESTRIAN CROSSING,43,239,266,470
IMG-20200724-WA0076.jpg,534,1156,PEDESTRIAN CROSSING,272,353,405,456
IMG-20200724-WA0077.jpg,534,1156,PEDESTRIAN CROSSING,61,458,223,608
IMG-20200724-WA0079.jpg,534,1156,PEDESTRIAN CROSSING,104,151,311,353
IMG-20200724-WA0081.jpg,534,1156,PEDESTRIAN CROSSING,270,159,432,281
IMG-20200724-WA0082.jpg,534,1156,PEDESTRIAN CROSSING,176,501,364,622
IMG-20200724-WA0084.jpg,534,1156,PEDESTRIAN CROSSING,52,429,297,665
IMG-20200724-WA0085.jpg,534,1156,PEDESTRIAN CROSSING,243,14,492,314
IMG-20200724-WA0086.jpg,534,1156,PEDESTRIAN CROSSING,210,544,317,637
IMG-20200724-WA0087.jpg,534,1156,PEDESTRIAN CROSSING,252,73,489,333
IMG-20200724-WA0088.jpg,1156,534,PEDESTRIAN CROSSING,460,118,595,237
IMG-20200724-WA0091.jpg,534,1156,PEDESTRIAN CROSSING,127,505,272,642
IMG-20200724-WA0092.jpg,534,1156,PEDESTRIAN CROSSING,73,239,233,393
IMG-20200724-WA0094.jpg,534,1156,PEDESTRIAN CROSSING,361,94,420,166
IMG-20200724-WA0095.jpg,534,1156,PEDESTRIAN CROSSING,334,472,419,562
IMG-20200724-WA0096.jpg,534,1156,PEDESTRIAN CROSSING,128,410,344,582
IMG-20200724-WA0098.jpg,534,1156,PEDESTRIAN CROSSING,10,297,187,409
IMG-20200724-WA0099.jpg,534,1156,PEDESTRIAN CROSSING,209,443,352,560
IMG-20200724-WA0100.jpg,534,1156,PEDESTRIAN CROSSING,322,539,443,684
IMG-20200724-WA0104.jpg,1156,534,PEDESTRIAN CROSSING,484,38,544,119
IMG-20200724-WA0106.jpg,534,1156,PEDESTRIAN CROSSING,43,344,167,501
IMG-20200724-WA0108.jpg,534,1156,PEDESTRIAN CROSSING,226,328,384,509
IMG-20200724-WA0109.jpg,534,1156,PEDESTRIAN CROSSING,203,270,299,378
IMG-20200724-WA0111.jpg,534,1156,PEDESTRIAN CROSSING,1,136,165,258
IMG-20200724-WA0113.jpg,1156,534,GO SLOW,237,352,523,532
IMG-20200724-WA0114.jpg,534,1156,GO SLOW,415,93,534,280
IMG-20200724-WA0115.jpg,534,1156,GO SLOW,84,175,261,397
IMG-20200724-WA0116.jpg,534,1156,PEDESTRIAN CROSSING,1,343,173,467
IMG-20200724-WA0117.jpg,534,1156,PEDESTRIAN CROSSING,106,29,270,217
IMG-20200724-WA0118.jpg,534,1156,PEDESTRIAN CROSSING,103,172,192,251
IMG-20200724-WA0119.jpg,534,1156,PEDESTRIAN CROSSING,64,356,263,569
IMG-20200724-WA0121.jpg,534,1156,PEDESTRIAN CROSSING,87,190,281,393
IMG-20200724-WA0122.jpg,534,1156,GO SLOW,308,128,522,367
IMG-20200724-WA0125.jpg,534,1156,GO SLOW,350,125,508,283
IMG-20200724-WA0126.jpg,534,1156,GO SLOW,241,140,387,297
IMG-20200724-WA0127.jpg,534,1156,PEDESTRIAN CROSSING,308,608,404,698
IMG-20200724-WA0128.jpg,534,1156,GO SLOW,199,321,402,425
IMG-20200724-WA0129.jpg,534,1156,GO SLOW,21,522,172,644
IMG-20200724-WA0131.jpg,534,1156,GO SLOW,56,612,145,697
IMG-20200724-WA0132.jpg,1156,534,GO SLOW,341,226,476,331
IMG-20200724-WA0133.jpg,534,1156,GO SLOW,1,447,104,612
IMG-20200724-WA0134.jpg,534,1156,GO SLOW,194,5,337,172
IMG-20200724-WA0138.jpg,1156,534,GO SLOW,811,1,1081,148
IMG-20200724-WA0139.jpg,534,1156,GO SLOW,422,519,534,614
IMG-20200724-WA0142.jpg,534,1156,GO SLOW,398,529,534,669
IMG-20200724-WA0143.jpg,534,1156,GO SLOW,211,393,427,615
IMG-20200724-WA0144.jpg,534,1156,GO SLOW,148,536,293,658
IMG-20200724-WA0145.jpg,1156,534,GO SLOW,360,283,630,504
IMG-20200724-WA0146.jpg,534,1156,GO SLOW,410,459,534,574
IMG-20200724-WA0147.jpg,534,1156,GO SLOW,392,337,534,551
IMG-20200724-WA0148.jpg,534,1156,NO ENTRY,320,75,498,264
IMG-20200724-WA0151.jpg,534,1156,GO SLOW,182,773,419,995
IMG-20200724-WA0152.jpg,534,1156,GO SLOW,1,407,172,582
IMG-20200724-WA0153.jpg,534,1156,GO SLOW,98,336,231,495
IMG-20200724-WA0155.jpg,534,1156,GO SLOW,1,215,88,294
IMG-20200724-WA0156.jpg,534,1156,NO ENTRY,202,284,311,454
IMG-20200724-WA0157.jpg,534,1156,GO SLOW,1,607,76,750
IMG-20200724-WA0159.jpg,534,1156,GO SLOW,173,261,322,470
IMG-20200724-WA0160.jpg,534,1156,GO SLOW,431,120,534,231
IMG-20200724-WA0161.jpg,534,1156,GO SLOW,144,417,255,497
IMG-20200724-WA0162.jpg,534,1156,GO SLOW,326,109,493,276
IMG-20200724-WA0163.jpg,534,1156,GO SLOW,352,276,478,379
IMG-20200724-WA0165.jpg,534,1156,NO ENTRY,91,712,231,842
IMG-20200724-WA0166.jpg,534,1156,NO ENTRY,365,572,534,724
IMG-20200724-WA0167.jpg,588,1280,NO ENTRY,131,299,308,487
IMG-20200724-WA0168.jpg,588,1280,NO ENTRY,301,594,474,776
IMG-20200724-WA0169.jpg,588,1280,NO ENTRY,420,523,588,772
IMG-20200724-WA0170.jpg,588,1280,NO ENTRY,1,861,97,1021
IMG-20200724-WA0171.jpg,534,1156,NO ENTRY,249,145,391,437
IMG-20200724-WA0174.jpg,534,1156,NO ENTRY,287,444,466,597
IMG-20200724-WA0175.jpg,588,1280,NO ENTRY,32,603,197,748
IMG-20200724-WA0177.jpg,588,1280,NO ENTRY,397,334,543,490
IMG-20200724-WA0179.jpg,588,1280,NO ENTRY,323,891,458,1018
IMG-20200724-WA0180.jpg,588,1280,NO ENTRY,490,453,588,557
IMG-20200724-WA0181.jpg,588,1280,NO ENTRY,435,334,517,429
IMG-20200724-WA0182.jpg,588,1280,NO ENTRY,90,885,177,979
IMG-20200724-WA0183.jpg,588,1280,NO ENTRY,446,671,588,824
IMG-20200724-WA0184.jpg,588,1280,NO ENTRY,517,673,588,779
IMG-20200724-WA0184.jpg,588,1280,SPEED LIMIT (40 KM/H),138,300,252,433
IMG-20200724-WA0185.jpg,588,1280,NO ENTRY,69,417,250,563
IMG-20200724-WA0186.jpg,588,1280,NO ENTRY,305,876,534,1085
IMG-20200724-WA0188.jpg,588,1280,NO ENTRY,265,168,443,371
IMG-20200724-WA0189.jpg,588,1280,NO ENTRY,35,411,201,568
IMG-20200724-WA0190.jpg,588,1280,NO ENTRY,309,681,477,854
IMG-20200724-WA0191.jpg,588,1280,NO ENTRY,55,557,254,692
IMG-20200724-WA0192.jpg,588,1280,NO ENTRY,216,407,312,487
IMG-20200724-WA0195.jpg,588,1280,NO ENTRY,473,426,561,521
IMG-20200724-WA0196.jpg,588,1280,NO ENTRY,396,906,584,1127
IMG-20200724-WA0198.jpg,588,1280,NO ENTRY,301,507,439,656
IMG-20200724-WA0200.jpg,588,1280,NO ENTRY,466,222,586,390
IMG-20200724-WA0202.jpg,588,1280,NO ENTRY,231,58,354,194
IMG-20200724-WA0203.jpg,588,1280,NO ENTRY,225,29,421,229
IMG-20200724-WA0206.jpg,1600,736,NO ENTRY,22,300,200,462
IMG-20200724-WA0209.jpg,588,1280,SPEED LIMIT (40 KM/H),401,438,575,650
IMG-20200724-WA0210.jpg,588,1280,SPEED LIMIT (40 KM/H),166,400,398,598
IMG-20200724-WA0212.jpg,1600,736,SPEED LIMIT (40 KM/H),210,1,507,176
IMG-20200724-WA0213.jpg,588,1280,SPEED LIMIT (40 KM/H),308,750,489,883
IMG-20200724-WA0214.jpg,588,1280,SPEED LIMIT (40 KM/H),205,691,400,880
IMG-20200724-WA0215.jpg,588,1280,SPEED LIMIT (40 KM/H),235,1042,379,1233
IMG-20200724-WA0215.jpg,588,1280,NO ENTRY,204,477,325,742
IMG-20200724-WA0216.jpg,588,1280,SPEED LIMIT (40 KM/H),394,426,521,567
IMG-20200724-WA0217.jpg,588,1280,SPEED LIMIT (40 KM/H),308,460,540,675
IMG-20200724-WA0218.jpg,588,1280,NO ENTRY,351,544,561,768
IMG-20200724-WA0220.jpg,588,1280,NO ENTRY,101,768,193,830
IMG-20200724-WA0222.jpg,1600,736,SPEED LIMIT (40 KM/H),448,183,607,322
IMG-20200724-WA0224.jpg,588,1280,SPEED LIMIT (40 KM/H),481,299,588,441
IMG-20200724-WA0226.jpg,588,1280,SPEED LIMIT (40 KM/H),323,484,470,561
IMG-20200724-WA0227.jpg,588,1280,SPEED LIMIT (40 KM/H),363,507,588,656
IMG-20200724-WA0229.jpg,588,1280,SPEED LIMIT (40 KM/H),493,421,588,606
IMG-20200724-WA0231.jpg,588,1280,SPEED LIMIT (40 KM/H),170,208,588,592
IMG-20200724-WA0233.jpg,588,1280,SPEED LIMIT (40 KM/H),389,184,532,388
IMG-20200724-WA0234.jpg,588,1280,SPEED LIMIT (40 KM/H),173,237,343,440
IMGF8929.JPG,720,1280,SCHOOL ZONE,1,149,706,721
IPRY9628.JPG,720,1280,NO U-TURN,133,487,372,763
IPRY9628.JPG,720,1280,NO U-TURN,374,463,658,761
IPRY9628.JPG,720,1280,NO U-TURN,447,823,659,977
IPRY9628.JPG,720,1280,NO U-TURN,43,226,201,415
IRRT8422.JPG,720,1280,UNEVEN ROAD,208,684,383,802
ISMZ7856.JPG,720,1280,GUARDED LEVEL CROSSING,379,825,493,903
ISMZ7856.JPG,720,1280,GUARDED LEVEL CROSSING,186,819,304,891
ITEX6427.JPG,720,1280,GUARDED LEVEL CROSSING,109,314,681,922
IWYJ7090.JPG,720,1280,UNEVEN ROAD,18,237,683,888
IYKE2211.JPG,720,1280,GUARDED LEVEL CROSSING,25,287,227,407
IYKE2211.JPG,720,1280,GUARDED LEVEL CROSSING,344,261,517,387
JBOO7295.JPG,720,1280,STOP,118,390,540,850
JCGJ1346.JPG,720,1280,LEFT CURVE,504,827,659,1050
JCGJ1346.JPG,720,1280,U-TURN,412,1023,554,1145
JCGJ1346.JPG,720,1280,GO SLOW,24,899,208,1047
JDLO7682.JPG,720,1280,NO U-TURN,1,240,689,857
JEFL5892.JPG,720,1280,UNEVEN ROAD,12,130,595,626
